scenario,strategy,cash,collection,construction,day,displayed,goals,hire,maintenance,opening,rating,repair,score,ticket_income,visitors,wages
first_income,A,70,1,0,3,1,"['FIRST_ACCESSION', 'FIRST_BUSINESS', 'FIRST_DISPLAY', 'FIRST_IDENTIFIED']",0,0,35,0,0,14,35,7,0
first_income,A,105,1,0,4,1,"['FIRST_ACCESSION', 'FIRST_BUSINESS', 'FIRST_DISPLAY', 'FIRST_IDENTIFIED']",0,0,70,0,0,15,35,7,0
first_income,A,140,1,0,5,1,"['FIRST_ACCESSION', 'FIRST_BUSINESS', 'FIRST_DISPLAY', 'FIRST_IDENTIFIED']",0,0,105,0,0,17,35,7,0
first_income,A,175,1,0,6,1,"['FIRST_ACCESSION', 'FIRST_BUSINESS', 'FIRST_DISPLAY', 'FIRST_IDENTIFIED']",0,0,140,0,0,18,35,7,0
first_income,A,210,1,0,7,1,"['FIRST_ACCESSION', 'FIRST_BUSINESS', 'FIRST_DISPLAY', 'FIRST_IDENTIFIED']",0,0,175,0,0,19,35,7,0
first_income,A,245,1,0,8,1,"['FIRST_ACCESSION', 'FIRST_BUSINESS', 'FIRST_DISPLAY', 'FIRST_IDENTIFIED']",0,0,210,0,0,21,35,7,0
first_income,A,280,1,0,9,1,"['FIRST_ACCESSION', 'FIRST_BUSINESS', 'FIRST_DISPLAY', 'FIRST_IDENTIFIED']",0,0,245,0,0,22,35,7,0
first_income,A,315,1,0,10,1,"['FIRST_ACCESSION', 'FIRST_BUSINESS', 'FIRST_DISPLAY', 'FIRST_IDENTIFIED']",0,0,280,0,0,23,35,7,0
first_income,A,350,1,0,11,1,"['FIRST_ACCESSION', 'FIRST_BUSINESS', 'FIRST_DISPLAY', 'FIRST_IDENTIFIED']",0,0,315,0,0,25,35,7,0
first_income,A,385,1,0,12,1,"['FIRST_ACCESSION', 'FIRST_BUSINESS', 'FIRST_DISPLAY', 'FIRST_IDENTIFIED']",0,0,350,0,0,26,35,7,0
first_income,A,420,1,0,13,1,"['FIRST_ACCESSION', 'FIRST_BUSINESS', 'FIRST_DISPLAY', 'FIRST_IDENTIFIED']",0,0,385,0,0,28,35,7,0
first_income,A,455,1,0,14,1,"['FIRST_ACCESSION', 'FIRST_BUSINESS', 'FIRST_DISPLAY', 'FIRST_IDENTIFIED']",0,0,420,0,0,29,35,7,0
first_income,A,490,1,0,15,1,"['FIRST_ACCESSION', 'FIRST_BUSINESS', 'FIRST_DISPLAY', 'FIRST_IDENTIFIED']",0,0,455,0,0,30,35,7,0
first_income,A,525,1,0,16,1,"['FIRST_ACCESSION', 'FIRST_BUSINESS', 'FIRST_DISPLAY', 'FIRST_IDENTIFIED', 'HUNDRED_VISITORS']",0,0,490,0,0,32,35,7,0
first_income,A,560,1,0,17,1,"['FIRST_ACCESSION', 'FIRST_BUSINESS', 'FIRST_DISPLAY', 'FIRST_IDENTIFIED', 'HUNDRED_VISITORS']",0,0,525,0,0,33,35,7,0
first_income,A,595,1,0,18,1,"['FIRST_ACCESSION', 'FIRST_BUSINESS', 'FIRST_DISPLAY', 'FIRST_IDENTIFIED', 'HUNDRED_VISITORS']",0,0,560,0,0,34,35,7,0
first_income,A,630,1,0,19,1,"['FIRST_ACCESSION', 'FIRST_BUSINESS', 'FIRST_DISPLAY', 'FIRST_IDENTIFIED', 'HUNDRED_VISITORS']",0,0,595,0,0,36,35,7,0
first_income,A,665,1,0,20,1,"['FIRST_ACCESSION', 'FIRST_BUSINESS', 'FIRST_DISPLAY', 'FIRST_IDENTIFIED', 'HUNDRED_VISITORS']",0,0,630,0,0,37,35,7,0
first_income,A,700,1,0,21,1,"['FIRST_ACCESSION', 'FIRST_BUSINESS', 'FIRST_DISPLAY', 'FIRST_IDENTIFIED', 'HUNDRED_VISITORS']",0,0,665,0,0,38,35,7,0
first_income,A,735,1,0,22,1,"['FIRST_ACCESSION', 'FIRST_BUSINESS', 'FIRST_DISPLAY', 'FIRST_IDENTIFIED', 'HUNDRED_VISITORS']",0,0,700,0,0,40,35,7,0
first_income,A,770,1,0,23,1,"['FIRST_ACCESSION', 'FIRST_BUSINESS', 'FIRST_DISPLAY', 'FIRST_IDENTIFIED', 'HUNDRED_VISITORS']",0,0,735,0,0,41,35,7,0
first_income,A,805,1,0,24,1,"['FIRST_ACCESSION', 'FIRST_BUSINESS', 'FIRST_DISPLAY', 'FIRST_IDENTIFIED', 'HUNDRED_VISITORS']",0,0,770,0,0,42,35,7,0
first_income,A,840,1,0,25,1,"['FIRST_ACCESSION', 'FIRST_BUSINESS', 'FIRST_DISPLAY', 'FIRST_IDENTIFIED', 'HUNDRED_VISITORS']",0,0,805,0,0,44,35,7,0
first_income,A,875,1,0,26,1,"['FIRST_ACCESSION', 'FIRST_BUSINESS', 'FIRST_DISPLAY', 'FIRST_IDENTIFIED', 'HUNDRED_VISITORS']",0,0,840,0,0,45,35,7,0
first_income,A,910,1,0,27,1,"['FIRST_ACCESSION', 'FIRST_BUSINESS', 'FIRST_DISPLAY', 'FIRST_IDENTIFIED', 'HUNDRED_VISITORS']",0,0,875,0,0,46,35,7,0
first_income,A,945,1,0,28,1,"['FIRST_ACCESSION', 'FIRST_BUSINESS', 'FIRST_DISPLAY', 'FIRST_IDENTIFIED', 'HUNDRED_VISITORS']",0,0,910,0,0,48,35,7,0
first_income,A,980,1,0,29,1,"['FIRST_ACCESSION', 'FIRST_BUSINESS', 'FIRST_DISPLAY', 'FIRST_IDENTIFIED', 'HUNDRED_VISITORS']",0,0,945,0,0,49,35,7,0
first_income,A,1015,1,0,30,1,"['FIRST_ACCESSION', 'FIRST_BUSINESS', 'FIRST_DISPLAY', 'FIRST_IDENTIFIED', 'HUNDRED_VISITORS']",0,0,980,0,0,50,35,7,0
first_income,A,1050,1,0,31,1,"['FIRST_ACCESSION', 'FIRST_BUSINESS', 'FIRST_DISPLAY', 'FIRST_IDENTIFIED', 'HUNDRED_VISITORS', 'THIRTY_DAYS']",0,0,1015,0,0,52,35,7,0
first_income,A,1085,1,0,32,1,"['FIRST_ACCESSION', 'FIRST_BUSINESS', 'FIRST_DISPLAY', 'FIRST_IDENTIFIED', 'HUNDRED_VISITORS', 'THIRTY_DAYS']",0,0,1050,0,0,52,35,7,0
first_income,B,70,1,0,3,1,"['FIRST_ACCESSION', 'FIRST_BUSINESS', 'FIRST_DISPLAY', 'FIRST_IDENTIFIED']",0,0,35,0,0,14,35,7,0
first_income,B,105,1,0,4,1,"['FIRST_ACCESSION', 'FIRST_BUSINESS', 'FIRST_DISPLAY', 'FIRST_IDENTIFIED']",0,0,70,0,0,15,35,7,0
first_income,B,140,1,0,5,1,"['FIRST_ACCESSION', 'FIRST_BUSINESS', 'FIRST_DISPLAY', 'FIRST_IDENTIFIED']",0,0,105,0,0,17,35,7,0
first_income,B,41,1,0,6,1,"['FIRST_ACCESSION', 'FIRST_BUSINESS', 'FIRST_DISPLAY', 'FIRST_IDENTIFIED', 'FIRST_RESEARCH']",120,0,140,0,0,24,35,7,14
first_income,B,62,1,0,7,1,"['FIRST_ACCESSION', 'FIRST_BUSINESS', 'FIRST_DISPLAY', 'FIRST_IDENTIFIED', 'FIRST_RESEARCH']",0,0,41,0,0,25,35,7,14
first_income,B,83,1,0,8,1,"['FIRST_ACCESSION', 'FIRST_BUSINESS', 'FIRST_DISPLAY', 'FIRST_IDENTIFIED', 'FIRST_RESEARCH']",0,0,62,0,0,27,35,7,14
first_income,B,104,1,0,9,1,"['FIRST_ACCESSION', 'FIRST_BUSINESS', 'FIRST_DISPLAY', 'FIRST_IDENTIFIED', 'FIRST_RESEARCH']",0,0,83,0,0,28,35,7,14
first_income,B,125,1,0,10,1,"['FIRST_ACCESSION', 'FIRST_BUSINESS', 'FIRST_DISPLAY', 'FIRST_IDENTIFIED', 'FIRST_RESEARCH']",0,0,104,0,0,29,35,7,14
first_income,B,146,1,0,11,1,"['FIRST_ACCESSION', 'FIRST_BUSINESS', 'FIRST_DISPLAY', 'FIRST_IDENTIFIED', 'FIRST_RESEARCH']",0,0,125,0,0,31,35,7,14
first_income,B,167,1,0,12,1,"['FIRST_ACCESSION', 'FIRST_BUSINESS', 'FIRST_DISPLAY', 'FIRST_IDENTIFIED', 'FIRST_RESEARCH']",0,0,146,0,0,32,35,7,14
first_income,B,188,1,0,13,1,"['FIRST_ACCESSION', 'FIRST_BUSINESS', 'FIRST_DISPLAY', 'FIRST_IDENTIFIED', 'FIRST_RESEARCH']",0,0,167,0,0,34,35,7,14
first_income,B,209,1,0,14,1,"['FIRST_ACCESSION', 'FIRST_BUSINESS', 'FIRST_DISPLAY', 'FIRST_IDENTIFIED', 'FIRST_RESEARCH']",0,0,188,0,0,35,35,7,14
first_income,B,230,1,0,15,1,"['FIRST_ACCESSION', 'FIRST_BUSINESS', 'FIRST_DISPLAY', 'FIRST_IDENTIFIED', 'FIRST_RESEARCH']",0,0,209,0,0,36,35,7,14
first_income,B,251,1,0,16,1,"['FIRST_ACCESSION', 'FIRST_BUSINESS', 'FIRST_DISPLAY', 'FIRST_IDENTIFIED', 'FIRST_RESEARCH', 'HUNDRED_VISITORS']",0,0,230,0,0,38,35,7,14
first_income,B,272,1,0,17,1,"['FIRST_ACCESSION', 'FIRST_BUSINESS', 'FIRST_DISPLAY', 'FIRST_IDENTIFIED', 'FIRST_RESEARCH', 'HUNDRED_VISITORS']",0,0,251,0,0,39,35,7,14
first_income,B,293,1,0,18,1,"['FIRST_ACCESSION', 'FIRST_BUSINESS', 'FIRST_DISPLAY', 'FIRST_IDENTIFIED', 'FIRST_RESEARCH', 'HUNDRED_VISITORS']",0,0,272,0,0,40,35,7,14
first_income,B,314,1,0,19,1,"['FIRST_ACCESSION', 'FIRST_BUSINESS', 'FIRST_DISPLAY', 'FIRST_IDENTIFIED', 'FIRST_RESEARCH', 'HUNDRED_VISITORS']",0,0,293,0,0,42,35,7,14
first_income,B,335,1,0,20,1,"['FIRST_ACCESSION', 'FIRST_BUSINESS', 'FIRST_DISPLAY', 'FIRST_IDENTIFIED', 'FIRST_RESEARCH', 'HUNDRED_VISITORS']",0,0,314,0,0,43,35,7,14
first_income,B,356,1,0,21,1,"['FIRST_ACCESSION', 'FIRST_BUSINESS', 'FIRST_DISPLAY', 'FIRST_IDENTIFIED', 'FIRST_RESEARCH', 'HUNDRED_VISITORS']",0,0,335,0,0,44,35,7,14
first_income,B,377,1,0,22,1,"['FIRST_ACCESSION', 'FIRST_BUSINESS', 'FIRST_DISPLAY', 'FIRST_IDENTIFIED', 'FIRST_RESEARCH', 'HUNDRED_VISITORS']",0,0,356,0,0,46,35,7,14
first_income,B,398,1,0,23,1,"['FIRST_ACCESSION', 'FIRST_BUSINESS', 'FIRST_DISPLAY', 'FIRST_IDENTIFIED', 'FIRST_RESEARCH', 'HUNDRED_VISITORS']",0,0,377,0,0,47,35,7,14
first_income,B,419,1,0,24,1,"['FIRST_ACCESSION', 'FIRST_BUSINESS', 'FIRST_DISPLAY', 'FIRST_IDENTIFIED', 'FIRST_RESEARCH', 'HUNDRED_VISITORS']",0,0,398,0,0,48,35,7,14
first_income,B,440,1,0,25,1,"['FIRST_ACCESSION', 'FIRST_BUSINESS', 'FIRST_DISPLAY', 'FIRST_IDENTIFIED', 'FIRST_RESEARCH', 'HUNDRED_VISITORS']",0,0,419,0,0,50,35,7,14
first_income,B,461,1,0,26,1,"['FIRST_ACCESSION', 'FIRST_BUSINESS', 'FIRST_DISPLAY', 'FIRST_IDENTIFIED', 'FIRST_RESEARCH', 'HUNDRED_VISITORS']",0,0,440,0,0,51,35,7,14
first_income,B,482,1,0,27,1,"['FIRST_ACCESSION', 'FIRST_BUSINESS', 'FIRST_DISPLAY', 'FIRST_IDENTIFIED', 'FIRST_RESEARCH', 'HUNDRED_VISITORS']",0,0,461,0,0,52,35,7,14
first_income,B,503,1,0,28,1,"['FIRST_ACCESSION', 'FIRST_BUSINESS', 'FIRST_DISPLAY', 'FIRST_IDENTIFIED', 'FIRST_RESEARCH', 'HUNDRED_VISITORS']",0,0,482,0,0,54,35,7,14
first_income,B,524,1,0,29,1,"['FIRST_ACCESSION', 'FIRST_BUSINESS', 'FIRST_DISPLAY', 'FIRST_IDENTIFIED', 'FIRST_RESEARCH', 'HUNDRED_VISITORS']",0,0,503,0,0,55,35,7,14
first_income,B,545,1,0,30,1,"['FIRST_ACCESSION', 'FIRST_BUSINESS', 'FIRST_DISPLAY', 'FIRST_IDENTIFIED', 'FIRST_RESEARCH', 'HUNDRED_VISITORS']",0,0,524,0,0,56,35,7,14
first_income,B,566,1,0,31,1,"['FIRST_ACCESSION', 'FIRST_BUSINESS', 'FIRST_DISPLAY', 'FIRST_IDENTIFIED', 'FIRST_RESEARCH', 'HUNDRED_VISITORS', 'THIRTY_DAYS']",0,0,545,0,0,58,35,7,14
first_income,B,587,1,0,32,1,"['FIRST_ACCESSION', 'FIRST_BUSINESS', 'FIRST_DISPLAY', 'FIRST_IDENTIFIED', 'FIRST_RESEARCH', 'HUNDRED_VISITORS', 'THIRTY_DAYS']",0,0,566,0,0,58,35,7,14
first_income,C,70,1,0,3,1,"['FIRST_ACCESSION', 'FIRST_BUSINESS', 'FIRST_DISPLAY', 'FIRST_IDENTIFIED']",0,0,35,0,0,14,35,7,0
first_income,C,105,1,0,4,1,"['FIRST_ACCESSION', 'FIRST_BUSINESS', 'FIRST_DISPLAY', 'FIRST_IDENTIFIED']",0,0,70,0,0,15,35,7,0
first_income,C,59,1,80,5,1,"['FIRST_ACCESSION', 'FIRST_BUSINESS', 'FIRST_DISPLAY', 'FIRST_IDENTIFIED']",0,1,105,0,0,17,35,7,0
first_income,C,93,1,0,6,1,"['FIRST_ACCESSION', 'FIRST_BUSINESS', 'FIRST_DISPLAY', 'FIRST_IDENTIFIED']",0,1,59,0,0,18,35,7,0
first_income,C,127,1,0,7,1,"['FIRST_ACCESSION', 'FIRST_BUSINESS', 'FIRST_DISPLAY', 'FIRST_IDENTIFIED']",0,1,93,0,0,19,35,7,0
first_income,C,161,1,0,8,1,"['FIRST_ACCESSION', 'FIRST_BUSINESS', 'FIRST_DISPLAY', 'FIRST_IDENTIFIED']",0,1,127,0,0,21,35,7,0
first_income,C,195,1,0,9,1,"['FIRST_ACCESSION', 'FIRST_BUSINESS', 'FIRST_DISPLAY', 'FIRST_IDENTIFIED']",0,1,161,0,0,22,35,7,0
first_income,C,229,1,0,10,1,"['FIRST_ACCESSION', 'FIRST_BUSINESS', 'FIRST_DISPLAY', 'FIRST_IDENTIFIED']",0,1,195,0,0,23,35,7,0
first_income,C,263,1,0,11,1,"['FIRST_ACCESSION', 'FIRST_BUSINESS', 'FIRST_DISPLAY', 'FIRST_IDENTIFIED']",0,1,229,0,0,25,35,7,0
first_income,C,297,1,0,12,1,"['FIRST_ACCESSION', 'FIRST_BUSINESS', 'FIRST_DISPLAY', 'FIRST_IDENTIFIED']",0,1,263,0,0,26,35,7,0
first_income,C,331,1,0,13,1,"['FIRST_ACCESSION', 'FIRST_BUSINESS', 'FIRST_DISPLAY', 'FIRST_IDENTIFIED']",0,1,297,0,0,28,35,7,0
first_income,C,365,1,0,14,1,"['FIRST_ACCESSION', 'FIRST_BUSINESS', 'FIRST_DISPLAY', 'FIRST_IDENTIFIED']",0,1,331,0,0,29,35,7,0
first_income,C,399,1,0,15,1,"['FIRST_ACCESSION', 'FIRST_BUSINESS', 'FIRST_DISPLAY', 'FIRST_IDENTIFIED']",0,1,365,0,0,30,35,7,0
first_income,C,433,1,0,16,1,"['FIRST_ACCESSION', 'FIRST_BUSINESS', 'FIRST_DISPLAY', 'FIRST_IDENTIFIED', 'HUNDRED_VISITORS']",0,1,399,0,0,32,35,7,0
first_income,C,467,1,0,17,1,"['FIRST_ACCESSION', 'FIRST_BUSINESS', 'FIRST_DISPLAY', 'FIRST_IDENTIFIED', 'HUNDRED_VISITORS']",0,1,433,0,0,33,35,7,0
first_income,C,501,1,0,18,1,"['FIRST_ACCESSION', 'FIRST_BUSINESS', 'FIRST_DISPLAY', 'FIRST_IDENTIFIED', 'HUNDRED_VISITORS']",0,1,467,0,0,34,35,7,0
first_income,C,535,1,0,19,1,"['FIRST_ACCESSION', 'FIRST_BUSINESS', 'FIRST_DISPLAY', 'FIRST_IDENTIFIED', 'HUNDRED_VISITORS']",0,1,501,0,0,36,35,7,0
first_income,C,569,1,0,20,1,"['FIRST_ACCESSION', 'FIRST_BUSINESS', 'FIRST_DISPLAY', 'FIRST_IDENTIFIED', 'HUNDRED_VISITORS']",0,1,535,0,0,37,35,7,0
first_income,C,603,1,0,21,1,"['FIRST_ACCESSION', 'FIRST_BUSINESS', 'FIRST_DISPLAY', 'FIRST_IDENTIFIED', 'HUNDRED_VISITORS']",0,1,569,0,0,38,35,7,0
first_income,C,637,1,0,22,1,"['FIRST_ACCESSION', 'FIRST_BUSINESS', 'FIRST_DISPLAY', 'FIRST_IDENTIFIED', 'HUNDRED_VISITORS']",0,1,603,0,0,40,35,7,0
first_income,C,671,1,0,23,1,"['FIRST_ACCESSION', 'FIRST_BUSINESS', 'FIRST_DISPLAY', 'FIRST_IDENTIFIED', 'HUNDRED_VISITORS']",0,1,637,0,0,41,35,7,0
first_income,C,705,1,0,24,1,"['FIRST_ACCESSION', 'FIRST_BUSINESS', 'FIRST_DISPLAY', 'FIRST_IDENTIFIED', 'HUNDRED_VISITORS']",0,1,671,0,0,42,35,7,0
first_income,C,739,1,0,25,1,"['FIRST_ACCESSION', 'FIRST_BUSINESS', 'FIRST_DISPLAY', 'FIRST_IDENTIFIED', 'HUNDRED_VISITORS']",0,1,705,0,0,44,35,7,0
first_income,C,773,1,0,26,1,"['FIRST_ACCESSION', 'FIRST_BUSINESS', 'FIRST_DISPLAY', 'FIRST_IDENTIFIED', 'HUNDRED_VISITORS']",0,1,739,0,0,45,35,7,0
first_income,C,807,1,0,27,1,"['FIRST_ACCESSION', 'FIRST_BUSINESS', 'FIRST_DISPLAY', 'FIRST_IDENTIFIED', 'HUNDRED_VISITORS']",0,1,773,0,0,46,35,7,0
first_income,C,841,1,0,28,1,"['FIRST_ACCESSION', 'FIRST_BUSINESS', 'FIRST_DISPLAY', 'FIRST_IDENTIFIED', 'HUNDRED_VISITORS']",0,1,807,0,0,48,35,7,0
first_income,C,875,1,0,29,1,"['FIRST_ACCESSION', 'FIRST_BUSINESS', 'FIRST_DISPLAY', 'FIRST_IDENTIFIED', 'HUNDRED_VISITORS']",0,1,841,0,0,49,35,7,0
first_income,C,909,1,0,30,1,"['FIRST_ACCESSION', 'FIRST_BUSINESS', 'FIRST_DISPLAY', 'FIRST_IDENTIFIED', 'HUNDRED_VISITORS']",0,1,875,0,0,50,35,7,0
first_income,C,943,1,0,31,1,"['FIRST_ACCESSION', 'FIRST_BUSINESS', 'FIRST_DISPLAY', 'FIRST_IDENTIFIED', 'HUNDRED_VISITORS', 'THIRTY_DAYS']",0,1,909,0,0,52,35,7,0
first_income,C,977,1,0,32,1,"['FIRST_ACCESSION', 'FIRST_BUSINESS', 'FIRST_DISPLAY', 'FIRST_IDENTIFIED', 'HUNDRED_VISITORS', 'THIRTY_DAYS']",0,1,943,0,0,52,35,7,0
midgame,A,564,13,0,14,13,"['FIRST_ACCESSION', 'FIRST_BUSINESS', 'FIRST_DISPLAY', 'FIRST_EXHIBITION', 'FIRST_IDENTIFIED', 'FIRST_RESEARCH', 'FIVE_RESEARCH', 'HALL_SIX', 'HUNDRED_VISITORS', 'OWN_FIVE']",0,0,339,1,0,143,225,45,0
midgame,A,789,13,0,15,13,"['FIRST_ACCESSION', 'FIRST_BUSINESS', 'FIRST_DISPLAY', 'FIRST_EXHIBITION', 'FIRST_IDENTIFIED', 'FIRST_RESEARCH', 'FIVE_RESEARCH', 'HALL_SIX', 'HUNDRED_VISITORS', 'OWN_FIVE']",0,0,564,1,0,146,225,45,0
midgame,A,1014,13,0,16,13,"['FIRST_ACCESSION', 'FIRST_BUSINESS', 'FIRST_DISPLAY', 'FIRST_EXHIBITION', 'FIRST_IDENTIFIED', 'FIRST_RESEARCH', 'FIVE_RESEARCH', 'HALL_SIX', 'HUNDRED_VISITORS', 'OWN_FIVE']",0,0,789,1,0,150,225,45,0
midgame,A,1239,13,0,17,13,"['FIRST_ACCESSION', 'FIRST_BUSINESS', 'FIRST_DISPLAY', 'FIRST_EXHIBITION', 'FIRST_IDENTIFIED', 'FIRST_RESEARCH', 'FIVE_RESEARCH', 'HALL_SIX', 'HUNDRED_VISITORS', 'OWN_FIVE']",0,0,1014,1,0,153,225,45,0
midgame,A,1464,13,0,18,13,"['FIRST_ACCESSION', 'FIRST_BUSINESS', 'FIRST_DISPLAY', 'FIRST_EXHIBITION', 'FIRST_IDENTIFIED', 'FIRST_RESEARCH', 'FIVE_RESEARCH', 'HALL_SIX', 'HUNDRED_VISITORS', 'OWN_FIVE']",0,0,1239,1,0,156,225,45,0
midgame,A,1689,13,0,19,13,"['FIRST_ACCESSION', 'FIRST_BUSINESS', 'FIRST_DISPLAY', 'FIRST_EXHIBITION', 'FIRST_IDENTIFIED', 'FIRST_RESEARCH', 'FIVE_RESEARCH', 'HALL_SIX', 'HUNDRED_VISITORS', 'OWN_FIVE']",0,0,1464,1,0,159,225,45,0
midgame,A,1914,13,0,20,13,"['FIRST_ACCESSION', 'FIRST_BUSINESS', 'FIRST_DISPLAY', 'FIRST_EXHIBITION', 'FIRST_IDENTIFIED', 'FIRST_RESEARCH', 'FIVE_RESEARCH', 'HALL_SIX', 'HUNDRED_VISITORS', 'OWN_FIVE']",0,0,1689,1,0,163,225,45,0
midgame,A,2139,13,0,21,13,"['FIRST_ACCESSION', 'FIRST_BUSINESS', 'FIRST_DISPLAY', 'FIRST_EXHIBITION', 'FIRST_IDENTIFIED', 'FIRST_RESEARCH', 'FIVE_RESEARCH', 'HALL_SIX', 'HUNDRED_VISITORS', 'OWN_FIVE']",0,0,1914,1,0,166,225,45,0
midgame,A,2364,13,0,22,13,"['FIRST_ACCESSION', 'FIRST_BUSINESS', 'FIRST_DISPLAY', 'FIRST_EXHIBITION', 'FIRST_IDENTIFIED', 'FIRST_RESEARCH', 'FIVE_RESEARCH', 'HALL_SIX', 'HUNDRED_VISITORS', 'OWN_FIVE']",0,0,2139,1,0,169,225,45,0
midgame,A,2589,13,0,23,13,"['FIRST_ACCESSION', 'FIRST_BUSINESS', 'FIRST_DISPLAY', 'FIRST_EXHIBITION', 'FIRST_IDENTIFIED', 'FIRST_RESEARCH', 'FIVE_RESEARCH', 'HALL_SIX', 'HUNDRED_VISITORS', 'OWN_FIVE']",0,0,2364,1,0,172,225,45,0
midgame,A,2814,13,0,24,13,"['FIRST_ACCESSION', 'FIRST_BUSINESS', 'FIRST_DISPLAY', 'FIRST_EXHIBITION', 'FIRST_IDENTIFIED', 'FIRST_RESEARCH', 'FIVE_RESEARCH', 'HALL_SIX', 'HUNDRED_VISITORS', 'OWN_FIVE']",0,0,2589,1,0,176,225,45,0
midgame,A,3039,13,0,25,13,"['FIRST_ACCESSION', 'FIRST_BUSINESS', 'FIRST_DISPLAY', 'FIRST_EXHIBITION', 'FIRST_IDENTIFIED', 'FIRST_RESEARCH', 'FIVE_RESEARCH', 'HALL_SIX', 'HUNDRED_VISITORS', 'OWN_FIVE']",0,0,2814,1,0,179,225,45,0
midgame,A,3264,13,0,26,13,"['FIRST_ACCESSION', 'FIRST_BUSINESS', 'FIRST_DISPLAY', 'FIRST_EXHIBITION', 'FIRST_IDENTIFIED', 'FIRST_RESEARCH', 'FIVE_RESEARCH', 'HALL_SIX', 'HUNDRED_VISITORS', 'OWN_FIVE']",0,0,3039,1,0,182,225,45,0
midgame,A,3489,13,0,27,13,"['FIRST_ACCESSION', 'FIRST_BUSINESS', 'FIRST_DISPLAY', 'FIRST_EXHIBITION', 'FIRST_IDENTIFIED', 'FIRST_RESEARCH', 'FIVE_RESEARCH', 'HALL_SIX', 'HUNDRED_VISITORS', 'OWN_FIVE']",0,0,3264,1,0,185,225,45,0
midgame,A,3714,13,0,28,13,"['FIRST_ACCESSION', 'FIRST_BUSINESS', 'FIRST_DISPLAY', 'FIRST_EXHIBITION', 'FIRST_IDENTIFIED', 'FIRST_RESEARCH', 'FIVE_RESEARCH', 'HALL_SIX', 'HUNDRED_VISITORS', 'OWN_FIVE']",0,0,3489,1,0,189,225,45,0
midgame,A,3939,13,0,29,13,"['FIRST_ACCESSION', 'FIRST_BUSINESS', 'FIRST_DISPLAY', 'FIRST_EXHIBITION', 'FIRST_IDENTIFIED', 'FIRST_RESEARCH', 'FIVE_RESEARCH', 'HALL_SIX', 'HUNDRED_VISITORS', 'OWN_FIVE']",0,0,3714,1,0,190,225,45,0
midgame,A,4164,13,0,30,13,"['FIRST_ACCESSION', 'FIRST_BUSINESS', 'FIRST_DISPLAY', 'FIRST_EXHIBITION', 'FIRST_IDENTIFIED', 'FIRST_RESEARCH', 'FIVE_RESEARCH', 'HALL_SIX', 'HUNDRED_VISITORS', 'OWN_FIVE']",0,0,3939,1,0,191,225,45,0
midgame,A,4389,13,0,31,13,"['FIRST_ACCESSION', 'FIRST_BUSINESS', 'FIRST_DISPLAY', 'FIRST_EXHIBITION', 'FIRST_IDENTIFIED', 'FIRST_RESEARCH', 'FIVE_RESEARCH', 'HALL_SIX', 'HUNDRED_VISITORS', 'OWN_FIVE', 'THIRTY_DAYS']",0,0,4164,1,0,192,225,45,0
midgame,A,4614,13,0,32,13,"['FIRST_ACCESSION', 'FIRST_BUSINESS', 'FIRST_DISPLAY', 'FIRST_EXHIBITION', 'FIRST_IDENTIFIED', 'FIRST_RESEARCH', 'FIVE_RESEARCH', 'HALL_SIX', 'HUNDRED_VISITORS', 'OWN_FIVE', 'THIRTY_DAYS']",0,0,4389,1,0,192,225,45,0
midgame,A,4839,13,0,33,13,"['FIRST_ACCESSION', 'FIRST_BUSINESS', 'FIRST_DISPLAY', 'FIRST_EXHIBITION', 'FIRST_IDENTIFIED', 'FIRST_RESEARCH', 'FIVE_RESEARCH', 'HALL_SIX', 'HUNDRED_VISITORS', 'OWN_FIVE', 'THIRTY_DAYS']",0,0,4614,1,0,192,225,45,0
midgame,A,5064,13,0,34,13,"['FIRST_ACCESSION', 'FIRST_BUSINESS', 'FIRST_DISPLAY', 'FIRST_EXHIBITION', 'FIRST_IDENTIFIED', 'FIRST_RESEARCH', 'FIVE_RESEARCH', 'HALL_SIX', 'HUNDRED_VISITORS', 'OWN_FIVE', 'THIRTY_DAYS']",0,0,4839,1,0,192,225,45,0
midgame,A,5289,13,0,35,13,"['FIRST_ACCESSION', 'FIRST_BUSINESS', 'FIRST_DISPLAY', 'FIRST_EXHIBITION', 'FIRST_IDENTIFIED', 'FIRST_RESEARCH', 'FIVE_RESEARCH', 'HALL_SIX', 'HUNDRED_VISITORS', 'OWN_FIVE', 'THIRTY_DAYS']",0,0,5064,1,0,192,225,45,0
midgame,A,5514,13,0,36,13,"['FIRST_ACCESSION', 'FIRST_BUSINESS', 'FIRST_DISPLAY', 'FIRST_EXHIBITION', 'FIRST_IDENTIFIED', 'FIRST_RESEARCH', 'FIVE_RESEARCH', 'HALL_SIX', 'HUNDRED_VISITORS', 'OWN_FIVE', 'THIRTY_DAYS']",0,0,5289,1,0,192,225,45,0
midgame,A,5739,13,0,37,13,"['FIRST_ACCESSION', 'FIRST_BUSINESS', 'FIRST_DISPLAY', 'FIRST_EXHIBITION', 'FIRST_IDENTIFIED', 'FIRST_RESEARCH', 'FIVE_RESEARCH', 'HALL_SIX', 'HUNDRED_VISITORS', 'OWN_FIVE', 'THIRTY_DAYS']",0,0,5514,1,0,192,225,45,0
midgame,A,5964,13,0,38,13,"['FIRST_ACCESSION', 'FIRST_BUSINESS', 'FIRST_DISPLAY', 'FIRST_EXHIBITION', 'FIRST_IDENTIFIED', 'FIRST_RESEARCH', 'FIVE_RESEARCH', 'HALL_SIX', 'HUNDRED_VISITORS', 'OWN_FIVE', 'THIRTY_DAYS']",0,0,5739,1,0,192,225,45,0
midgame,A,6189,13,0,39,13,"['FIRST_ACCESSION', 'FIRST_BUSINESS', 'FIRST_DISPLAY', 'FIRST_EXHIBITION', 'FIRST_IDENTIFIED', 'FIRST_RESEARCH', 'FIVE_RESEARCH', 'HALL_SIX', 'HUNDRED_VISITORS', 'OWN_FIVE', 'THIRTY_DAYS']",0,0,5964,1,0,192,225,45,0
midgame,A,6414,13,0,40,13,"['FIRST_ACCESSION', 'FIRST_BUSINESS', 'FIRST_DISPLAY', 'FIRST_EXHIBITION', 'FIRST_IDENTIFIED', 'FIRST_RESEARCH', 'FIVE_RESEARCH', 'HALL_SIX', 'HUNDRED_VISITORS', 'OWN_FIVE', 'THIRTY_DAYS']",0,0,6189,1,0,192,225,45,0
midgame,A,6639,13,0,41,13,"['FIRST_ACCESSION', 'FIRST_BUSINESS', 'FIRST_DISPLAY', 'FIRST_EXHIBITION', 'FIRST_IDENTIFIED', 'FIRST_RESEARCH', 'FIVE_RESEARCH', 'HALL_SIX', 'HUNDRED_VISITORS', 'OWN_FIVE', 'THIRTY_DAYS']",0,0,6414,1,0,192,225,45,0
midgame,A,6864,13,0,42,13,"['FIRST_ACCESSION', 'FIRST_BUSINESS', 'FIRST_DISPLAY', 'FIRST_EXHIBITION', 'FIRST_IDENTIFIED', 'FIRST_RESEARCH', 'FIVE_RESEARCH', 'HALL_SIX', 'HUNDRED_VISITORS', 'OWN_FIVE', 'THIRTY_DAYS']",0,0,6639,1,0,192,225,45,0
midgame,A,7089,13,0,43,13,"['FIRST_ACCESSION', 'FIRST_BUSINESS', 'FIRST_DISPLAY', 'FIRST_EXHIBITION', 'FIRST_IDENTIFIED', 'FIRST_RESEARCH', 'FIVE_RESEARCH', 'HALL_SIX', 'HUNDRED_VISITORS', 'OWN_FIVE', 'THIRTY_DAYS']",0,0,6864,1,0,192,225,45,0
midgame,B,292,13,0,14,13,"['FIRST_ACCESSION', 'FIRST_BUSINESS', 'FIRST_DISPLAY', 'FIRST_EXHIBITION', 'FIRST_IDENTIFIED', 'FIRST_RESEARCH', 'FIVE_RESEARCH', 'HALL_SIX', 'HUNDRED_VISITORS', 'OWN_FIVE']",140,0,339,1,100,143,225,45,32
midgame,B,365,13,0,15,13,"['FIRST_ACCESSION', 'FIRST_BUSINESS', 'FIRST_DISPLAY', 'FIRST_EXHIBITION', 'FIRST_IDENTIFIED', 'FIRST_RESEARCH', 'FIVE_RESEARCH', 'HALL_SIX', 'HUNDRED_VISITORS', 'OWN_FIVE']",0,0,292,1,120,147,225,45,32
midgame,B,478,13,0,16,13,"['FIRST_ACCESSION', 'FIRST_BUSINESS', 'FIRST_DISPLAY', 'FIRST_EXHIBITION', 'FIRST_IDENTIFIED', 'FIRST_RESEARCH', 'FIVE_RESEARCH', 'HALL_SIX', 'HUNDRED_VISITORS', 'OWN_FIVE']",0,0,365,1,80,150,225,45,32
midgame,B,591,13,0,17,13,"['FIRST_ACCESSION', 'FIRST_BUSINESS', 'FIRST_DISPLAY', 'FIRST_EXHIBITION', 'FIRST_IDENTIFIED', 'FIRST_RESEARCH', 'FIVE_RESEARCH', 'HALL_SIX', 'HUNDRED_VISITORS', 'OWN_FIVE']",0,0,478,1,80,154,225,45,32
midgame,B,704,13,0,18,13,"['FIRST_ACCESSION', 'FIRST_BUSINESS', 'FIRST_DISPLAY', 'FIRST_EXHIBITION', 'FIRST_IDENTIFIED', 'FIRST_RESEARCH', 'FIVE_RESEARCH', 'HALL_SIX', 'HUNDRED_VISITORS', 'OWN_FIVE']",0,0,591,1,80,157,225,45,32
midgame,B,777,13,0,19,13,"['FIRST_ACCESSION', 'FIRST_BUSINESS', 'FIRST_DISPLAY', 'FIRST_EXHIBITION', 'FIRST_IDENTIFIED', 'FIRST_RESEARCH', 'FIVE_RESEARCH', 'HALL_SIX', 'HUNDRED_VISITORS', 'OWN_FIVE']",0,0,704,1,120,161,225,45,32
midgame,B,810,13,0,20,13,"['FIRST_ACCESSION', 'FIRST_BUSINESS', 'FIRST_DISPLAY', 'FIRST_EXHIBITION', 'FIRST_IDENTIFIED', 'FIRST_RESEARCH', 'FIVE_RESEARCH', 'HALL_SIX', 'HUNDRED_VISITORS', 'OWN_FIVE']",0,0,777,1,160,164,225,45,32
midgame,B,963,13,0,21,13,"['FIRST_ACCESSION', 'FIRST_BUSINESS', 'FIRST_DISPLAY', 'FIRST_EXHIBITION', 'FIRST_IDENTIFIED', 'FIRST_RESEARCH', 'FIVE_RESEARCH', 'HALL_SIX', 'HUNDRED_VISITORS', 'OWN_FIVE']",0,0,810,1,40,167,225,45,32
midgame,B,1116,13,0,22,13,"['FIRST_ACCESSION', 'FIRST_BUSINESS', 'FIRST_DISPLAY', 'FIRST_EXHIBITION', 'FIRST_IDENTIFIED', 'FIRST_RESEARCH', 'FIVE_RESEARCH', 'HALL_SIX', 'HUNDRED_VISITORS', 'OWN_FIVE']",0,0,963,1,40,171,225,45,32
midgame,B,1189,13,0,23,13,"['FIRST_ACCESSION', 'FIRST_BUSINESS', 'FIRST_DISPLAY', 'FIRST_EXHIBITION', 'FIRST_IDENTIFIED', 'FIRST_RESEARCH', 'FIVE_RESEARCH', 'HALL_SIX', 'HUNDRED_VISITORS', 'OWN_FIVE']",0,0,1116,1,120,174,225,45,32
midgame,B,1302,13,0,24,13,"['FIRST_ACCESSION', 'FIRST_BUSINESS', 'FIRST_DISPLAY', 'FIRST_EXHIBITION', 'FIRST_IDENTIFIED', 'FIRST_RESEARCH', 'FIVE_RESEARCH', 'HALL_SIX', 'HUNDRED_VISITORS', 'OWN_FIVE']",0,0,1189,1,80,178,225,45,32
midgame,B,1415,13,0,25,13,"['FIRST_ACCESSION', 'FIRST_BUSINESS', 'FIRST_DISPLAY', 'FIRST_EXHIBITION', 'FIRST_IDENTIFIED', 'FIRST_RESEARCH', 'FIVE_RESEARCH', 'HALL_SIX', 'HUNDRED_VISITORS', 'OWN_FIVE']",0,0,1302,1,80,181,225,45,32
midgame,B,1488,13,0,26,13,"['FIRST_ACCESSION', 'FIRST_BUSINESS', 'FIRST_DISPLAY', 'FIRST_EXHIBITION', 'FIRST_IDENTIFIED', 'FIRST_RESEARCH', 'FIVE_RESEARCH', 'HALL_SIX', 'HUNDRED_VISITORS', 'OWN_FIVE']",0,0,1415,1,120,185,225,45,32
midgame,B,1681,13,0,27,13,"['FIRST_ACCESSION', 'FIRST_BUSINESS', 'FIRST_DISPLAY', 'FIRST_EXHIBITION', 'FIRST_IDENTIFIED', 'FIRST_RESEARCH', 'FIVE_RESEARCH', 'HALL_SIX', 'HUNDRED_VISITORS', 'OWN_FIVE']",0,0,1488,1,0,188,225,45,32
midgame,B,1874,13,0,28,13,"['FIRST_ACCESSION', 'FIRST_BUSINESS', 'FIRST_DISPLAY', 'FIRST_EXHIBITION', 'FIRST_IDENTIFIED', 'FIRST_RESEARCH', 'FIVE_RESEARCH', 'HALL_SIX', 'HUNDRED_VISITORS', 'OWN_FIVE']",0,0,1681,1,0,191,225,45,32
midgame,B,2067,13,0,29,13,"['FIRST_ACCESSION', 'FIRST_BUSINESS', 'FIRST_DISPLAY', 'FIRST_EXHIBITION', 'FIRST_IDENTIFIED', 'FIRST_RESEARCH', 'FIVE_RESEARCH', 'HALL_SIX', 'HUNDRED_VISITORS', 'OWN_FIVE']",0,0,1874,1,0,193,225,45,32
midgame,B,2260,13,0,30,13,"['FIRST_ACCESSION', 'FIRST_BUSINESS', 'FIRST_DISPLAY', 'FIRST_EXHIBITION', 'FIRST_IDENTIFIED', 'FIRST_RESEARCH', 'FIVE_RESEARCH', 'HALL_SIX', 'HUNDRED_VISITORS', 'OWN_FIVE']",0,0,2067,1,0,194,225,45,32
midgame,B,2453,13,0,31,13,"['FIRST_ACCESSION', 'FIRST_BUSINESS', 'FIRST_DISPLAY', 'FIRST_EXHIBITION', 'FIRST_IDENTIFIED', 'FIRST_RESEARCH', 'FIVE_RESEARCH', 'HALL_SIX', 'HUNDRED_VISITORS', 'OWN_FIVE', 'THIRTY_DAYS']",0,0,2260,1,0,195,225,45,32
midgame,B,2646,13,0,32,13,"['FIRST_ACCESSION', 'FIRST_BUSINESS', 'FIRST_DISPLAY', 'FIRST_EXHIBITION', 'FIRST_IDENTIFIED', 'FIRST_RESEARCH', 'FIVE_RESEARCH', 'HALL_SIX', 'HUNDRED_VISITORS', 'OWN_FIVE', 'THIRTY_DAYS']",0,0,2453,1,0,195,225,45,32
midgame,B,2839,13,0,33,13,"['FIRST_ACCESSION', 'FIRST_BUSINESS', 'FIRST_DISPLAY', 'FIRST_EXHIBITION', 'FIRST_IDENTIFIED', 'FIRST_RESEARCH', 'FIVE_RESEARCH', 'HALL_SIX', 'HUNDRED_VISITORS', 'OWN_FIVE', 'THIRTY_DAYS']",0,0,2646,1,0,195,225,45,32
midgame,B,3032,13,0,34,13,"['FIRST_ACCESSION', 'FIRST_BUSINESS', 'FIRST_DISPLAY', 'FIRST_EXHIBITION', 'FIRST_IDENTIFIED', 'FIRST_RESEARCH', 'FIVE_RESEARCH', 'HALL_SIX', 'HUNDRED_VISITORS', 'OWN_FIVE', 'THIRTY_DAYS']",0,0,2839,1,0,195,225,45,32
midgame,B,3225,13,0,35,13,"['FIRST_ACCESSION', 'FIRST_BUSINESS', 'FIRST_DISPLAY', 'FIRST_EXHIBITION', 'FIRST_IDENTIFIED', 'FIRST_RESEARCH', 'FIVE_RESEARCH', 'HALL_SIX', 'HUNDRED_VISITORS', 'OWN_FIVE', 'THIRTY_DAYS']",0,0,3032,1,0,195,225,45,32
midgame,B,3418,13,0,36,13,"['FIRST_ACCESSION', 'FIRST_BUSINESS', 'FIRST_DISPLAY', 'FIRST_EXHIBITION', 'FIRST_IDENTIFIED', 'FIRST_RESEARCH', 'FIVE_RESEARCH', 'HALL_SIX', 'HUNDRED_VISITORS', 'OWN_FIVE', 'THIRTY_DAYS']",0,0,3225,1,0,195,225,45,32
midgame,B,3611,13,0,37,13,"['FIRST_ACCESSION', 'FIRST_BUSINESS', 'FIRST_DISPLAY', 'FIRST_EXHIBITION', 'FIRST_IDENTIFIED', 'FIRST_RESEARCH', 'FIVE_RESEARCH', 'HALL_SIX', 'HUNDRED_VISITORS', 'OWN_FIVE', 'THIRTY_DAYS']",0,0,3418,1,0,195,225,45,32
midgame,B,3804,13,0,38,13,"['FIRST_ACCESSION', 'FIRST_BUSINESS', 'FIRST_DISPLAY', 'FIRST_EXHIBITION', 'FIRST_IDENTIFIED', 'FIRST_RESEARCH', 'FIVE_RESEARCH', 'HALL_SIX', 'HUNDRED_VISITORS', 'OWN_FIVE', 'THIRTY_DAYS']",0,0,3611,1,0,195,225,45,32
midgame,B,3997,13,0,39,13,"['FIRST_ACCESSION', 'FIRST_BUSINESS', 'FIRST_DISPLAY', 'FIRST_EXHIBITION', 'FIRST_IDENTIFIED', 'FIRST_RESEARCH', 'FIVE_RESEARCH', 'HALL_SIX', 'HUNDRED_VISITORS', 'OWN_FIVE', 'THIRTY_DAYS']",0,0,3804,1,0,195,225,45,32
midgame,B,4190,13,0,40,13,"['FIRST_ACCESSION', 'FIRST_BUSINESS', 'FIRST_DISPLAY', 'FIRST_EXHIBITION', 'FIRST_IDENTIFIED', 'FIRST_RESEARCH', 'FIVE_RESEARCH', 'HALL_SIX', 'HUNDRED_VISITORS', 'OWN_FIVE', 'THIRTY_DAYS']",0,0,3997,1,0,195,225,45,32
midgame,B,4383,13,0,41,13,"['FIRST_ACCESSION', 'FIRST_BUSINESS', 'FIRST_DISPLAY', 'FIRST_EXHIBITION', 'FIRST_IDENTIFIED', 'FIRST_RESEARCH', 'FIVE_RESEARCH', 'HALL_SIX', 'HUNDRED_VISITORS', 'OWN_FIVE', 'THIRTY_DAYS']",0,0,4190,1,0,195,225,45,32
midgame,B,4576,13,0,42,13,"['FIRST_ACCESSION', 'FIRST_BUSINESS', 'FIRST_DISPLAY', 'FIRST_EXHIBITION', 'FIRST_IDENTIFIED', 'FIRST_RESEARCH', 'FIVE_RESEARCH', 'HALL_SIX', 'HUNDRED_VISITORS', 'OWN_FIVE', 'THIRTY_DAYS']",0,0,4383,1,0,195,225,45,32
midgame,B,4769,13,0,43,13,"['FIRST_ACCESSION', 'FIRST_BUSINESS', 'FIRST_DISPLAY', 'FIRST_EXHIBITION', 'FIRST_IDENTIFIED', 'FIRST_RESEARCH', 'FIVE_RESEARCH', 'HALL_SIX', 'HUNDRED_VISITORS', 'OWN_FIVE', 'THIRTY_DAYS']",0,0,4576,1,0,195,225,45,32
midgame,C,469,13,80,14,13,"['FIRST_ACCESSION', 'FIRST_BUSINESS', 'FIRST_DISPLAY', 'FIRST_EXHIBITION', 'FIRST_IDENTIFIED', 'FIRST_RESEARCH', 'FIVE_RESEARCH', 'HALL_SIX', 'HUNDRED_VISITORS', 'OWN_FIVE']",0,1,339,1,0,143,225,45,14
midgame,C,679,13,0,15,13,"['FIRST_ACCESSION', 'FIRST_BUSINESS', 'FIRST_DISPLAY', 'FIRST_EXHIBITION', 'FIRST_IDENTIFIED', 'FIRST_RESEARCH', 'FIVE_RESEARCH', 'HALL_SIX', 'HUNDRED_VISITORS', 'OWN_FIVE']",0,1,469,1,0,146,225,45,14
midgame,C,889,13,0,16,13,"['FIRST_ACCESSION', 'FIRST_BUSINESS', 'FIRST_DISPLAY', 'FIRST_EXHIBITION', 'FIRST_IDENTIFIED', 'FIRST_RESEARCH', 'FIVE_RESEARCH', 'HALL_SIX', 'HUNDRED_VISITORS', 'OWN_FIVE']",0,1,679,1,0,150,225,45,14
midgame,C,1099,13,0,17,13,"['FIRST_ACCESSION', 'FIRST_BUSINESS', 'FIRST_DISPLAY', 'FIRST_EXHIBITION', 'FIRST_IDENTIFIED', 'FIRST_RESEARCH', 'FIVE_RESEARCH', 'HALL_SIX', 'HUNDRED_VISITORS', 'OWN_FIVE']",0,1,889,1,0,153,225,45,14
midgame,C,1309,13,0,18,13,"['FIRST_ACCESSION', 'FIRST_BUSINESS', 'FIRST_DISPLAY', 'FIRST_EXHIBITION', 'FIRST_IDENTIFIED', 'FIRST_RESEARCH', 'FIVE_RESEARCH', 'HALL_SIX', 'HUNDRED_VISITORS', 'OWN_FIVE']",0,1,1099,1,0,156,225,45,14
midgame,C,1519,13,0,19,13,"['FIRST_ACCESSION', 'FIRST_BUSINESS', 'FIRST_DISPLAY', 'FIRST_EXHIBITION', 'FIRST_IDENTIFIED', 'FIRST_RESEARCH', 'FIVE_RESEARCH', 'HALL_SIX', 'HUNDRED_VISITORS', 'OWN_FIVE']",0,1,1309,1,0,159,225,45,14
midgame,C,1729,13,0,20,13,"['FIRST_ACCESSION', 'FIRST_BUSINESS', 'FIRST_DISPLAY', 'FIRST_EXHIBITION', 'FIRST_IDENTIFIED', 'FIRST_RESEARCH', 'FIVE_RESEARCH', 'HALL_SIX', 'HUNDRED_VISITORS', 'OWN_FIVE']",0,1,1519,1,0,163,225,45,14
midgame,C,1939,13,0,21,13,"['FIRST_ACCESSION', 'FIRST_BUSINESS', 'FIRST_DISPLAY', 'FIRST_EXHIBITION', 'FIRST_IDENTIFIED', 'FIRST_RESEARCH', 'FIVE_RESEARCH', 'HALL_SIX', 'HUNDRED_VISITORS', 'OWN_FIVE']",0,1,1729,1,0,166,225,45,14
midgame,C,2149,13,0,22,13,"['FIRST_ACCESSION', 'FIRST_BUSINESS', 'FIRST_DISPLAY', 'FIRST_EXHIBITION', 'FIRST_IDENTIFIED', 'FIRST_RESEARCH', 'FIVE_RESEARCH', 'HALL_SIX', 'HUNDRED_VISITORS', 'OWN_FIVE']",0,1,1939,1,0,169,225,45,14
midgame,C,2359,13,0,23,13,"['FIRST_ACCESSION', 'FIRST_BUSINESS', 'FIRST_DISPLAY', 'FIRST_EXHIBITION', 'FIRST_IDENTIFIED', 'FIRST_RESEARCH', 'FIVE_RESEARCH', 'HALL_SIX', 'HUNDRED_VISITORS', 'OWN_FIVE']",0,1,2149,1,0,172,225,45,14
midgame,C,2569,13,0,24,13,"['FIRST_ACCESSION', 'FIRST_BUSINESS', 'FIRST_DISPLAY', 'FIRST_EXHIBITION', 'FIRST_IDENTIFIED', 'FIRST_RESEARCH', 'FIVE_RESEARCH', 'HALL_SIX', 'HUNDRED_VISITORS', 'OWN_FIVE']",0,1,2359,1,0,176,225,45,14
midgame,C,2779,13,0,25,13,"['FIRST_ACCESSION', 'FIRST_BUSINESS', 'FIRST_DISPLAY', 'FIRST_EXHIBITION', 'FIRST_IDENTIFIED', 'FIRST_RESEARCH', 'FIVE_RESEARCH', 'HALL_SIX', 'HUNDRED_VISITORS', 'OWN_FIVE']",0,1,2569,1,0,179,225,45,14
midgame,C,2989,13,0,26,13,"['FIRST_ACCESSION', 'FIRST_BUSINESS', 'FIRST_DISPLAY', 'FIRST_EXHIBITION', 'FIRST_IDENTIFIED', 'FIRST_RESEARCH', 'FIVE_RESEARCH', 'HALL_SIX', 'HUNDRED_VISITORS', 'OWN_FIVE']",0,1,2779,1,0,182,225,45,14
midgame,C,3199,13,0,27,13,"['FIRST_ACCESSION', 'FIRST_BUSINESS', 'FIRST_DISPLAY', 'FIRST_EXHIBITION', 'FIRST_IDENTIFIED', 'FIRST_RESEARCH', 'FIVE_RESEARCH', 'HALL_SIX', 'HUNDRED_VISITORS', 'OWN_FIVE']",0,1,2989,1,0,185,225,45,14
midgame,C,3409,13,0,28,13,"['FIRST_ACCESSION', 'FIRST_BUSINESS', 'FIRST_DISPLAY', 'FIRST_EXHIBITION', 'FIRST_IDENTIFIED', 'FIRST_RESEARCH', 'FIVE_RESEARCH', 'HALL_SIX', 'HUNDRED_VISITORS', 'OWN_FIVE']",0,1,3199,1,0,189,225,45,14
midgame,C,3619,13,0,29,13,"['FIRST_ACCESSION', 'FIRST_BUSINESS', 'FIRST_DISPLAY', 'FIRST_EXHIBITION', 'FIRST_IDENTIFIED', 'FIRST_RESEARCH', 'FIVE_RESEARCH', 'HALL_SIX', 'HUNDRED_VISITORS', 'OWN_FIVE']",0,1,3409,1,0,190,225,45,14
midgame,C,3829,13,0,30,13,"['FIRST_ACCESSION', 'FIRST_BUSINESS', 'FIRST_DISPLAY', 'FIRST_EXHIBITION', 'FIRST_IDENTIFIED', 'FIRST_RESEARCH', 'FIVE_RESEARCH', 'HALL_SIX', 'HUNDRED_VISITORS', 'OWN_FIVE']",0,1,3619,1,0,191,225,45,14
midgame,C,4039,13,0,31,13,"['FIRST_ACCESSION', 'FIRST_BUSINESS', 'FIRST_DISPLAY', 'FIRST_EXHIBITION', 'FIRST_IDENTIFIED', 'FIRST_RESEARCH', 'FIVE_RESEARCH', 'HALL_SIX', 'HUNDRED_VISITORS', 'OWN_FIVE', 'THIRTY_DAYS']",0,1,3829,1,0,192,225,45,14
midgame,C,4249,13,0,32,13,"['FIRST_ACCESSION', 'FIRST_BUSINESS', 'FIRST_DISPLAY', 'FIRST_EXHIBITION', 'FIRST_IDENTIFIED', 'FIRST_RESEARCH', 'FIVE_RESEARCH', 'HALL_SIX', 'HUNDRED_VISITORS', 'OWN_FIVE', 'THIRTY_DAYS']",0,1,4039,1,0,192,225,45,14
midgame,C,4459,13,0,33,13,"['FIRST_ACCESSION', 'FIRST_BUSINESS', 'FIRST_DISPLAY', 'FIRST_EXHIBITION', 'FIRST_IDENTIFIED', 'FIRST_RESEARCH', 'FIVE_RESEARCH', 'HALL_SIX', 'HUNDRED_VISITORS', 'OWN_FIVE', 'THIRTY_DAYS']",0,1,4249,1,0,192,225,45,14
midgame,C,4669,13,0,34,13,"['FIRST_ACCESSION', 'FIRST_BUSINESS', 'FIRST_DISPLAY', 'FIRST_EXHIBITION', 'FIRST_IDENTIFIED', 'FIRST_RESEARCH', 'FIVE_RESEARCH', 'HALL_SIX', 'HUNDRED_VISITORS', 'OWN_FIVE', 'THIRTY_DAYS']",0,1,4459,1,0,192,225,45,14
midgame,C,4879,13,0,35,13,"['FIRST_ACCESSION', 'FIRST_BUSINESS', 'FIRST_DISPLAY', 'FIRST_EXHIBITION', 'FIRST_IDENTIFIED', 'FIRST_RESEARCH', 'FIVE_RESEARCH', 'HALL_SIX', 'HUNDRED_VISITORS', 'OWN_FIVE', 'THIRTY_DAYS']",0,1,4669,1,0,192,225,45,14
midgame,C,5089,13,0,36,13,"['FIRST_ACCESSION', 'FIRST_BUSINESS', 'FIRST_DISPLAY', 'FIRST_EXHIBITION', 'FIRST_IDENTIFIED', 'FIRST_RESEARCH', 'FIVE_RESEARCH', 'HALL_SIX', 'HUNDRED_VISITORS', 'OWN_FIVE', 'THIRTY_DAYS']",0,1,4879,1,0,192,225,45,14
midgame,C,5299,13,0,37,13,"['FIRST_ACCESSION', 'FIRST_BUSINESS', 'FIRST_DISPLAY', 'FIRST_EXHIBITION', 'FIRST_IDENTIFIED', 'FIRST_RESEARCH', 'FIVE_RESEARCH', 'HALL_SIX', 'HUNDRED_VISITORS', 'OWN_FIVE', 'THIRTY_DAYS']",0,1,5089,1,0,192,225,45,14
midgame,C,5509,13,0,38,13,"['FIRST_ACCESSION', 'FIRST_BUSINESS', 'FIRST_DISPLAY', 'FIRST_EXHIBITION', 'FIRST_IDENTIFIED', 'FIRST_RESEARCH', 'FIVE_RESEARCH', 'HALL_SIX', 'HUNDRED_VISITORS', 'OWN_FIVE', 'THIRTY_DAYS']",0,1,5299,1,0,192,225,45,14
midgame,C,5719,13,0,39,13,"['FIRST_ACCESSION', 'FIRST_BUSINESS', 'FIRST_DISPLAY', 'FIRST_EXHIBITION', 'FIRST_IDENTIFIED', 'FIRST_RESEARCH', 'FIVE_RESEARCH', 'HALL_SIX', 'HUNDRED_VISITORS', 'OWN_FIVE', 'THIRTY_DAYS']",0,1,5509,1,0,192,225,45,14
midgame,C,5929,13,0,40,13,"['FIRST_ACCESSION', 'FIRST_BUSINESS', 'FIRST_DISPLAY', 'FIRST_EXHIBITION', 'FIRST_IDENTIFIED', 'FIRST_RESEARCH', 'FIVE_RESEARCH', 'HALL_SIX', 'HUNDRED_VISITORS', 'OWN_FIVE', 'THIRTY_DAYS']",0,1,5719,1,0,192,225,45,14
midgame,C,6139,13,0,41,13,"['FIRST_ACCESSION', 'FIRST_BUSINESS', 'FIRST_DISPLAY', 'FIRST_EXHIBITION', 'FIRST_IDENTIFIED', 'FIRST_RESEARCH', 'FIVE_RESEARCH', 'HALL_SIX', 'HUNDRED_VISITORS', 'OWN_FIVE', 'THIRTY_DAYS']",0,1,5929,1,0,192,225,45,14
midgame,C,6349,13,0,42,13,"['FIRST_ACCESSION', 'FIRST_BUSINESS', 'FIRST_DISPLAY', 'FIRST_EXHIBITION', 'FIRST_IDENTIFIED', 'FIRST_RESEARCH', 'FIVE_RESEARCH', 'HALL_SIX', 'HUNDRED_VISITORS', 'OWN_FIVE', 'THIRTY_DAYS']",0,1,6139,1,0,192,225,45,14
midgame,C,6559,13,0,43,13,"['FIRST_ACCESSION', 'FIRST_BUSINESS', 'FIRST_DISPLAY', 'FIRST_EXHIBITION', 'FIRST_IDENTIFIED', 'FIRST_RESEARCH', 'FIVE_RESEARCH', 'HALL_SIX', 'HUNDRED_VISITORS', 'OWN_FIVE', 'THIRTY_DAYS']",0,1,6349,1,0,192,225,45,14
