strategy,cash,collection,construction,day,displayed,goals,hire,maintenance,opening,rating,repair,score,ticket_income,visitors,wages
A,70,1,0,3,1,"['FIRST_ACCESSION', 'FIRST_BUSINESS', 'FIRST_DISPLAY', 'FIRST_IDENTIFIED']",0,0,35,0,0,14,35,7,0
A,105,1,0,4,1,"['FIRST_ACCESSION', 'FIRST_BUSINESS', 'FIRST_DISPLAY', 'FIRST_IDENTIFIED']",0,0,70,0,0,15,35,7,0
A,140,1,0,5,1,"['FIRST_ACCESSION', 'FIRST_BUSINESS', 'FIRST_DISPLAY', 'FIRST_IDENTIFIED']",0,0,105,0,0,17,35,7,0
A,175,1,0,6,1,"['FIRST_ACCESSION', 'FIRST_BUSINESS', 'FIRST_DISPLAY', 'FIRST_IDENTIFIED']",0,0,140,0,0,18,35,7,0
A,210,1,0,7,1,"['FIRST_ACCESSION', 'FIRST_BUSINESS', 'FIRST_DISPLAY', 'FIRST_IDENTIFIED']",0,0,175,0,0,19,35,7,0
A,245,1,0,8,1,"['FIRST_ACCESSION', 'FIRST_BUSINESS', 'FIRST_DISPLAY', 'FIRST_IDENTIFIED']",0,0,210,0,0,21,35,7,0
A,280,1,0,9,1,"['FIRST_ACCESSION', 'FIRST_BUSINESS', 'FIRST_DISPLAY', 'FIRST_IDENTIFIED']",0,0,245,0,0,22,35,7,0
A,315,1,0,10,1,"['FIRST_ACCESSION', 'FIRST_BUSINESS', 'FIRST_DISPLAY', 'FIRST_IDENTIFIED']",0,0,280,0,0,23,35,7,0
A,350,1,0,11,1,"['FIRST_ACCESSION', 'FIRST_BUSINESS', 'FIRST_DISPLAY', 'FIRST_IDENTIFIED']",0,0,315,0,0,25,35,7,0
A,385,1,0,12,1,"['FIRST_ACCESSION', 'FIRST_BUSINESS', 'FIRST_DISPLAY', 'FIRST_IDENTIFIED']",0,0,350,0,0,26,35,7,0
A,420,1,0,13,1,"['FIRST_ACCESSION', 'FIRST_BUSINESS', 'FIRST_DISPLAY', 'FIRST_IDENTIFIED']",0,0,385,0,0,28,35,7,0
A,455,1,0,14,1,"['FIRST_ACCESSION', 'FIRST_BUSINESS', 'FIRST_DISPLAY', 'FIRST_IDENTIFIED']",0,0,420,0,0,29,35,7,0
A,490,1,0,15,1,"['FIRST_ACCESSION', 'FIRST_BUSINESS', 'FIRST_DISPLAY', 'FIRST_IDENTIFIED']",0,0,455,0,0,30,35,7,0
A,525,1,0,16,1,"['FIRST_ACCESSION', 'FIRST_BUSINESS', 'FIRST_DISPLAY', 'FIRST_IDENTIFIED', 'HUNDRED_VISITORS']",0,0,490,0,0,32,35,7,0
A,560,1,0,17,1,"['FIRST_ACCESSION', 'FIRST_BUSINESS', 'FIRST_DISPLAY', 'FIRST_IDENTIFIED', 'HUNDRED_VISITORS']",0,0,525,0,0,33,35,7,0
A,595,1,0,18,1,"['FIRST_ACCESSION', 'FIRST_BUSINESS', 'FIRST_DISPLAY', 'FIRST_IDENTIFIED', 'HUNDRED_VISITORS']",0,0,560,0,0,34,35,7,0
A,630,1,0,19,1,"['FIRST_ACCESSION', 'FIRST_BUSINESS', 'FIRST_DISPLAY', 'FIRST_IDENTIFIED', 'HUNDRED_VISITORS']",0,0,595,0,0,36,35,7,0
A,665,1,0,20,1,"['FIRST_ACCESSION', 'FIRST_BUSINESS', 'FIRST_DISPLAY', 'FIRST_IDENTIFIED', 'HUNDRED_VISITORS']",0,0,630,0,0,37,35,7,0
A,700,1,0,21,1,"['FIRST_ACCESSION', 'FIRST_BUSINESS', 'FIRST_DISPLAY', 'FIRST_IDENTIFIED', 'HUNDRED_VISITORS']",0,0,665,0,0,38,35,7,0
A,735,1,0,22,1,"['FIRST_ACCESSION', 'FIRST_BUSINESS', 'FIRST_DISPLAY', 'FIRST_IDENTIFIED', 'HUNDRED_VISITORS']",0,0,700,0,0,40,35,7,0
A,770,1,0,23,1,"['FIRST_ACCESSION', 'FIRST_BUSINESS', 'FIRST_DISPLAY', 'FIRST_IDENTIFIED', 'HUNDRED_VISITORS']",0,0,735,0,0,41,35,7,0
A,805,1,0,24,1,"['FIRST_ACCESSION', 'FIRST_BUSINESS', 'FIRST_DISPLAY', 'FIRST_IDENTIFIED', 'HUNDRED_VISITORS']",0,0,770,0,0,42,35,7,0
A,840,1,0,25,1,"['FIRST_ACCESSION', 'FIRST_BUSINESS', 'FIRST_DISPLAY', 'FIRST_IDENTIFIED', 'HUNDRED_VISITORS']",0,0,805,0,0,44,35,7,0
A,875,1,0,26,1,"['FIRST_ACCESSION', 'FIRST_BUSINESS', 'FIRST_DISPLAY', 'FIRST_IDENTIFIED', 'HUNDRED_VISITORS']",0,0,840,0,0,45,35,7,0
A,910,1,0,27,1,"['FIRST_ACCESSION', 'FIRST_BUSINESS', 'FIRST_DISPLAY', 'FIRST_IDENTIFIED', 'HUNDRED_VISITORS']",0,0,875,0,0,46,35,7,0
A,945,1,0,28,1,"['FIRST_ACCESSION', 'FIRST_BUSINESS', 'FIRST_DISPLAY', 'FIRST_IDENTIFIED', 'HUNDRED_VISITORS']",0,0,910,0,0,48,35,7,0
A,980,1,0,29,1,"['FIRST_ACCESSION', 'FIRST_BUSINESS', 'FIRST_DISPLAY', 'FIRST_IDENTIFIED', 'HUNDRED_VISITORS']",0,0,945,0,0,49,35,7,0
A,1015,1,0,30,1,"['FIRST_ACCESSION', 'FIRST_BUSINESS', 'FIRST_DISPLAY', 'FIRST_IDENTIFIED', 'HUNDRED_VISITORS']",0,0,980,0,0,50,35,7,0
A,1050,1,0,31,1,"['FIRST_ACCESSION', 'FIRST_BUSINESS', 'FIRST_DISPLAY', 'FIRST_IDENTIFIED', 'HUNDRED_VISITORS', 'THIRTY_DAYS']",0,0,1015,0,0,52,35,7,0
A,1085,1,0,32,1,"['FIRST_ACCESSION', 'FIRST_BUSINESS', 'FIRST_DISPLAY', 'FIRST_IDENTIFIED', 'HUNDRED_VISITORS', 'THIRTY_DAYS']",0,0,1050,0,0,52,35,7,0
B,70,1,0,3,1,"['FIRST_ACCESSION', 'FIRST_BUSINESS', 'FIRST_DISPLAY', 'FIRST_IDENTIFIED']",0,0,35,0,0,14,35,7,0
B,105,1,0,4,1,"['FIRST_ACCESSION', 'FIRST_BUSINESS', 'FIRST_DISPLAY', 'FIRST_IDENTIFIED']",0,0,70,0,0,15,35,7,0
B,140,1,0,5,1,"['FIRST_ACCESSION', 'FIRST_BUSINESS', 'FIRST_DISPLAY', 'FIRST_IDENTIFIED']",0,0,105,0,0,17,35,7,0
B,41,1,0,6,1,"['FIRST_ACCESSION', 'FIRST_BUSINESS', 'FIRST_DISPLAY', 'FIRST_IDENTIFIED']",120,0,140,0,0,18,35,7,14
B,62,1,0,7,1,"['FIRST_ACCESSION', 'FIRST_BUSINESS', 'FIRST_DISPLAY', 'FIRST_IDENTIFIED', 'FIRST_RESEARCH']",0,0,41,0,0,25,35,7,14
B,83,1,0,8,1,"['FIRST_ACCESSION', 'FIRST_BUSINESS', 'FIRST_DISPLAY', 'FIRST_IDENTIFIED', 'FIRST_RESEARCH']",0,0,62,0,0,27,35,7,14
B,104,1,0,9,1,"['FIRST_ACCESSION', 'FIRST_BUSINESS', 'FIRST_DISPLAY', 'FIRST_IDENTIFIED', 'FIRST_RESEARCH']",0,0,83,0,0,28,35,7,14
B,125,1,0,10,1,"['FIRST_ACCESSION', 'FIRST_BUSINESS', 'FIRST_DISPLAY', 'FIRST_IDENTIFIED', 'FIRST_RESEARCH']",0,0,104,0,0,29,35,7,14
B,146,1,0,11,1,"['FIRST_ACCESSION', 'FIRST_BUSINESS', 'FIRST_DISPLAY', 'FIRST_IDENTIFIED', 'FIRST_RESEARCH']",0,0,125,0,0,31,35,7,14
B,167,1,0,12,1,"['FIRST_ACCESSION', 'FIRST_BUSINESS', 'FIRST_DISPLAY', 'FIRST_IDENTIFIED', 'FIRST_RESEARCH']",0,0,146,0,0,32,35,7,14
B,188,1,0,13,1,"['FIRST_ACCESSION', 'FIRST_BUSINESS', 'FIRST_DISPLAY', 'FIRST_IDENTIFIED', 'FIRST_RESEARCH']",0,0,167,0,0,34,35,7,14
B,209,1,0,14,1,"['FIRST_ACCESSION', 'FIRST_BUSINESS', 'FIRST_DISPLAY', 'FIRST_IDENTIFIED', 'FIRST_RESEARCH']",0,0,188,0,0,35,35,7,14
B,230,1,0,15,1,"['FIRST_ACCESSION', 'FIRST_BUSINESS', 'FIRST_DISPLAY', 'FIRST_IDENTIFIED', 'FIRST_RESEARCH']",0,0,209,0,0,36,35,7,14
B,251,1,0,16,1,"['FIRST_ACCESSION', 'FIRST_BUSINESS', 'FIRST_DISPLAY', 'FIRST_IDENTIFIED', 'FIRST_RESEARCH', 'HUNDRED_VISITORS']",0,0,230,0,0,38,35,7,14
B,272,1,0,17,1,"['FIRST_ACCESSION', 'FIRST_BUSINESS', 'FIRST_DISPLAY', 'FIRST_IDENTIFIED', 'FIRST_RESEARCH', 'HUNDRED_VISITORS']",0,0,251,0,0,39,35,7,14
B,293,1,0,18,1,"['FIRST_ACCESSION', 'FIRST_BUSINESS', 'FIRST_DISPLAY', 'FIRST_IDENTIFIED', 'FIRST_RESEARCH', 'HUNDRED_VISITORS']",0,0,272,0,0,40,35,7,14
B,314,1,0,19,1,"['FIRST_ACCESSION', 'FIRST_BUSINESS', 'FIRST_DISPLAY', 'FIRST_IDENTIFIED', 'FIRST_RESEARCH', 'HUNDRED_VISITORS']",0,0,293,0,0,42,35,7,14
B,335,1,0,20,1,"['FIRST_ACCESSION', 'FIRST_BUSINESS', 'FIRST_DISPLAY', 'FIRST_IDENTIFIED', 'FIRST_RESEARCH', 'HUNDRED_VISITORS']",0,0,314,0,0,43,35,7,14
B,356,1,0,21,1,"['FIRST_ACCESSION', 'FIRST_BUSINESS', 'FIRST_DISPLAY', 'FIRST_IDENTIFIED', 'FIRST_RESEARCH', 'HUNDRED_VISITORS']",0,0,335,0,0,44,35,7,14
B,377,1,0,22,1,"['FIRST_ACCESSION', 'FIRST_BUSINESS', 'FIRST_DISPLAY', 'FIRST_IDENTIFIED', 'FIRST_RESEARCH', 'HUNDRED_VISITORS']",0,0,356,0,0,46,35,7,14
B,398,1,0,23,1,"['FIRST_ACCESSION', 'FIRST_BUSINESS', 'FIRST_DISPLAY', 'FIRST_IDENTIFIED', 'FIRST_RESEARCH', 'HUNDRED_VISITORS']",0,0,377,0,0,47,35,7,14
B,419,1,0,24,1,"['FIRST_ACCESSION', 'FIRST_BUSINESS', 'FIRST_DISPLAY', 'FIRST_IDENTIFIED', 'FIRST_RESEARCH', 'HUNDRED_VISITORS']",0,0,398,0,0,48,35,7,14
B,440,1,0,25,1,"['FIRST_ACCESSION', 'FIRST_BUSINESS', 'FIRST_DISPLAY', 'FIRST_IDENTIFIED', 'FIRST_RESEARCH', 'HUNDRED_VISITORS']",0,0,419,0,0,50,35,7,14
B,461,1,0,26,1,"['FIRST_ACCESSION', 'FIRST_BUSINESS', 'FIRST_DISPLAY', 'FIRST_IDENTIFIED', 'FIRST_RESEARCH', 'HUNDRED_VISITORS']",0,0,440,0,0,51,35,7,14
B,482,1,0,27,1,"['FIRST_ACCESSION', 'FIRST_BUSINESS', 'FIRST_DISPLAY', 'FIRST_IDENTIFIED', 'FIRST_RESEARCH', 'HUNDRED_VISITORS']",0,0,461,0,0,52,35,7,14
B,503,1,0,28,1,"['FIRST_ACCESSION', 'FIRST_BUSINESS', 'FIRST_DISPLAY', 'FIRST_IDENTIFIED', 'FIRST_RESEARCH', 'HUNDRED_VISITORS']",0,0,482,0,0,54,35,7,14
B,524,1,0,29,1,"['FIRST_ACCESSION', 'FIRST_BUSINESS', 'FIRST_DISPLAY', 'FIRST_IDENTIFIED', 'FIRST_RESEARCH', 'HUNDRED_VISITORS']",0,0,503,0,0,55,35,7,14
B,545,1,0,30,1,"['FIRST_ACCESSION', 'FIRST_BUSINESS', 'FIRST_DISPLAY', 'FIRST_IDENTIFIED', 'FIRST_RESEARCH', 'HUNDRED_VISITORS']",0,0,524,0,0,56,35,7,14
B,566,1,0,31,1,"['FIRST_ACCESSION', 'FIRST_BUSINESS', 'FIRST_DISPLAY', 'FIRST_IDENTIFIED', 'FIRST_RESEARCH', 'HUNDRED_VISITORS', 'THIRTY_DAYS']",0,0,545,0,0,58,35,7,14
B,587,1,0,32,1,"['FIRST_ACCESSION', 'FIRST_BUSINESS', 'FIRST_DISPLAY', 'FIRST_IDENTIFIED', 'FIRST_RESEARCH', 'HUNDRED_VISITORS', 'THIRTY_DAYS']",0,0,566,0,0,58,35,7,14
C,70,1,0,3,1,"['FIRST_ACCESSION', 'FIRST_BUSINESS', 'FIRST_DISPLAY', 'FIRST_IDENTIFIED']",0,0,35,0,0,14,35,7,0
C,105,1,0,4,1,"['FIRST_ACCESSION', 'FIRST_BUSINESS', 'FIRST_DISPLAY', 'FIRST_IDENTIFIED']",0,0,70,0,0,15,35,7,0
C,59,1,80,5,1,"['FIRST_ACCESSION', 'FIRST_BUSINESS', 'FIRST_DISPLAY', 'FIRST_IDENTIFIED']",0,1,105,0,0,17,35,7,0
C,93,1,0,6,1,"['FIRST_ACCESSION', 'FIRST_BUSINESS', 'FIRST_DISPLAY', 'FIRST_IDENTIFIED']",0,1,59,0,0,18,35,7,0
C,127,1,0,7,1,"['FIRST_ACCESSION', 'FIRST_BUSINESS', 'FIRST_DISPLAY', 'FIRST_IDENTIFIED']",0,1,93,0,0,19,35,7,0
C,161,1,0,8,1,"['FIRST_ACCESSION', 'FIRST_BUSINESS', 'FIRST_DISPLAY', 'FIRST_IDENTIFIED']",0,1,127,0,0,21,35,7,0
C,195,1,0,9,1,"['FIRST_ACCESSION', 'FIRST_BUSINESS', 'FIRST_DISPLAY', 'FIRST_IDENTIFIED']",0,1,161,0,0,22,35,7,0
C,229,1,0,10,1,"['FIRST_ACCESSION', 'FIRST_BUSINESS', 'FIRST_DISPLAY', 'FIRST_IDENTIFIED']",0,1,195,0,0,23,35,7,0
C,263,1,0,11,1,"['FIRST_ACCESSION', 'FIRST_BUSINESS', 'FIRST_DISPLAY', 'FIRST_IDENTIFIED']",0,1,229,0,0,25,35,7,0
C,297,1,0,12,1,"['FIRST_ACCESSION', 'FIRST_BUSINESS', 'FIRST_DISPLAY', 'FIRST_IDENTIFIED']",0,1,263,0,0,26,35,7,0
C,331,1,0,13,1,"['FIRST_ACCESSION', 'FIRST_BUSINESS', 'FIRST_DISPLAY', 'FIRST_IDENTIFIED']",0,1,297,0,0,28,35,7,0
C,365,1,0,14,1,"['FIRST_ACCESSION', 'FIRST_BUSINESS', 'FIRST_DISPLAY', 'FIRST_IDENTIFIED']",0,1,331,0,0,29,35,7,0
C,399,1,0,15,1,"['FIRST_ACCESSION', 'FIRST_BUSINESS', 'FIRST_DISPLAY', 'FIRST_IDENTIFIED']",0,1,365,0,0,30,35,7,0
C,433,1,0,16,1,"['FIRST_ACCESSION', 'FIRST_BUSINESS', 'FIRST_DISPLAY', 'FIRST_IDENTIFIED', 'HUNDRED_VISITORS']",0,1,399,0,0,32,35,7,0
C,467,1,0,17,1,"['FIRST_ACCESSION', 'FIRST_BUSINESS', 'FIRST_DISPLAY', 'FIRST_IDENTIFIED', 'HUNDRED_VISITORS']",0,1,433,0,0,33,35,7,0
C,501,1,0,18,1,"['FIRST_ACCESSION', 'FIRST_BUSINESS', 'FIRST_DISPLAY', 'FIRST_IDENTIFIED', 'HUNDRED_VISITORS']",0,1,467,0,0,34,35,7,0
C,535,1,0,19,1,"['FIRST_ACCESSION', 'FIRST_BUSINESS', 'FIRST_DISPLAY', 'FIRST_IDENTIFIED', 'HUNDRED_VISITORS']",0,1,501,0,0,36,35,7,0
C,569,1,0,20,1,"['FIRST_ACCESSION', 'FIRST_BUSINESS', 'FIRST_DISPLAY', 'FIRST_IDENTIFIED', 'HUNDRED_VISITORS']",0,1,535,0,0,37,35,7,0
C,603,1,0,21,1,"['FIRST_ACCESSION', 'FIRST_BUSINESS', 'FIRST_DISPLAY', 'FIRST_IDENTIFIED', 'HUNDRED_VISITORS']",0,1,569,0,0,38,35,7,0
C,637,1,0,22,1,"['FIRST_ACCESSION', 'FIRST_BUSINESS', 'FIRST_DISPLAY', 'FIRST_IDENTIFIED', 'HUNDRED_VISITORS']",0,1,603,0,0,40,35,7,0
C,671,1,0,23,1,"['FIRST_ACCESSION', 'FIRST_BUSINESS', 'FIRST_DISPLAY', 'FIRST_IDENTIFIED', 'HUNDRED_VISITORS']",0,1,637,0,0,41,35,7,0
C,705,1,0,24,1,"['FIRST_ACCESSION', 'FIRST_BUSINESS', 'FIRST_DISPLAY', 'FIRST_IDENTIFIED', 'HUNDRED_VISITORS']",0,1,671,0,0,42,35,7,0
C,739,1,0,25,1,"['FIRST_ACCESSION', 'FIRST_BUSINESS', 'FIRST_DISPLAY', 'FIRST_IDENTIFIED', 'HUNDRED_VISITORS']",0,1,705,0,0,44,35,7,0
C,773,1,0,26,1,"['FIRST_ACCESSION', 'FIRST_BUSINESS', 'FIRST_DISPLAY', 'FIRST_IDENTIFIED', 'HUNDRED_VISITORS']",0,1,739,0,0,45,35,7,0
C,807,1,0,27,1,"['FIRST_ACCESSION', 'FIRST_BUSINESS', 'FIRST_DISPLAY', 'FIRST_IDENTIFIED', 'HUNDRED_VISITORS']",0,1,773,0,0,46,35,7,0
C,841,1,0,28,1,"['FIRST_ACCESSION', 'FIRST_BUSINESS', 'FIRST_DISPLAY', 'FIRST_IDENTIFIED', 'HUNDRED_VISITORS']",0,1,807,0,0,48,35,7,0
C,875,1,0,29,1,"['FIRST_ACCESSION', 'FIRST_BUSINESS', 'FIRST_DISPLAY', 'FIRST_IDENTIFIED', 'HUNDRED_VISITORS']",0,1,841,0,0,49,35,7,0
C,909,1,0,30,1,"['FIRST_ACCESSION', 'FIRST_BUSINESS', 'FIRST_DISPLAY', 'FIRST_IDENTIFIED', 'HUNDRED_VISITORS']",0,1,875,0,0,50,35,7,0
C,943,1,0,31,1,"['FIRST_ACCESSION', 'FIRST_BUSINESS', 'FIRST_DISPLAY', 'FIRST_IDENTIFIED', 'HUNDRED_VISITORS', 'THIRTY_DAYS']",0,1,909,0,0,52,35,7,0
C,977,1,0,32,1,"['FIRST_ACCESSION', 'FIRST_BUSINESS', 'FIRST_DISPLAY', 'FIRST_IDENTIFIED', 'HUNDRED_VISITORS', 'THIRTY_DAYS']",0,1,943,0,0,52,35,7,0
